,young,middle_age,senior,elderly
Baseline,0.8647416413373861,0.7777244359097456,0.7100160373232249,0.6990927419354839
Age_Weighting,0.8662613981762918,0.7779644743158906,0.7124945327307187,0.6940524193548387
Stratified_Sampling,0.8738601823708206,0.7729236677868458,0.7022889634057443,0.6900201612903226
Optimal_Thresholds,0.8693009118541033,0.7798847815650504,0.7104534188657239,0.6990927419354839
