Technique,Age_Gap,Reduction_from_Baseline,Percent_Reduction
Baseline,0.1656488994019022,0.0,0.0
Age_Weighting,0.17220897882145303,-0.006560079419550835,-3.9602312138727704
Stratified_Sampling,0.18384002108049802,-0.018191121678595823,-10.981734104046168
Optimal_Thresholds,0.17020816991861942,-0.004559270516717229,-2.7523699421964727
